Name,Gender,Telephone,Postal code,Date of birth,Disease
Darrion Sisia,M,519 41 8952,N2L 3P3,18-6-1960,Chicago disease
Pierce Weiss,M,519 389 3292,N2L 2V6,8-1-1960,Acquired Immunodeficiency Sydrome (AIDS)
Mitchell Nelson,M,519 578 82,N2L 2V6,11-3-1960,Gingivitis
Malakai Wennermark,M,519 815 587,N2L 3P3,4-7-1960,Hamburger disease
Hunter Shapiro,M,519 554 1752,N2L 3P3,21-1-1960,Conjunctivitis
Martin Waldgrave,M,519 4 6760,N2L 2V6,6-11-1960,Scarlet fever
Connor Ng,M,519 561 9010,N2L 1A6,25-2-1960,Yellow fever
Kadin Cobo,M,519 587 1329,N2L 3P3,20-4-1960,Chlamydia
Cole Reinard,M,519 768 8272,N2L 3P3,6-1-1960,Infantile diarrhea
